Subject,Date,Block,Trials,d' (NR),Beta (NR),S+ (NR) Rate,S- (NR) Rate,Total Corr (NR),Probe d' (NR),Probe Beta (NR),Probe Trials,Probe S+ (NR) Rate,Probe S- (NR) Rate,Probe Tot Corr (NR)
k46o30,2026-02-11,shaping 1,31,1.683,1.996,0.66667,0.89474,0.80645,0.0,n/a,0,,,
k46o30,2026-02-12,shaping 1,92,1.148,0.764,0.7907,0.63265,0.70652,0.0,n/a,0,,,
k46o30,2026-02-13,shaping 1,28,-0.337,1.019,0.45455,0.41176,0.42857,0.0,n/a,0,,,
k46o30,2026-02-14,shaping 1,152,1.316,0.44,0.9,0.51389,0.71711,0.0,n/a,0,,,
k46o30,2026-02-16,shaping 1,30,0.949,1.351,0.5625,0.78571,0.66667,0.0,n/a,0,,,
k46o30,2026-02-17,shaping 1,56,0.335,1.119,0.43333,0.69231,0.55357,0.0,n/a,0,,,
k46o30,2026-02-18,shaping 1,352,0.412,0.654,0.89205,0.20455,0.5483,0.0,n/a,0,,,
k46o30,2026-02-19,shaping 1,84,0.437,0.716,0.83721,0.29268,0.57143,0.0,n/a,0,,,
k46o30,2026-02-20,shaping 1,1,6.361,n/a,0.0,0.0,0.0,0.0,n/a,0,,,
k46o30,2026-02-21,shaping 1,199,0.669,0.379,0.96296,0.13187,0.58291,0.0,n/a,0,,,
k46o30,2026-02-23,shaping 1,54,0.777,0.427,0.931,0.24,0.61111,0.0,n/a,0,,,
k46o30,2026-02-24,shaping 1,423,1.022,0.2,0.98139,0.14423,0.56974,0.0,n/a,0,,,
k46o30,2026-02-25,shaping 1,233,1.71,0.164,0.97195,0.42063,0.67382,0.0,n/a,0,,,
k46o30,2026-02-26,shaping 1,299,3.141,0.141,0.98592,0.82803,0.90301,0.0,n/a,0,,,
k46o30,2026-02-26,shaping 3,95,1.928,1.099,0.82,0.84444,0.83158,0.0,n/a,0,,,
k46o30,2026-02-27,shaping 3,306,2.013,0.436,0.92208,0.72368,0.82353,0.0,n/a,0,,,
k46o30,2026-02-28,shaping 3,201,2.026,0.574,0.90099,0.77,0.83582,0.0,n/a,0,,,
k46o30,2026-02-28,training 120/180,639,-0.048,0.992,0.4254,0.55556,0.49139,0.0,n/a,0,,,
k46o30,2026-03-01,training 120/180,462,0.162,0.91,0.74689,0.30769,0.5368,0.0,n/a,0,,,
k46o30,2026-03-02,training 120/180,283,0.197,0.893,0.75,0.31655,0.5371,0.0,n/a,0,,,
k46o30,2026-03-03,training 120/180,567,-0.023,1.025,0.84727,0.14726,0.48677,0.0,n/a,0,,,
k46o30,2026-03-04,training 120/180,555,0.039,0.959,0.86007,0.14885,0.52432,0.0,n/a,0,,,
k46o30,2026-03-05,training 120/180,511,-0.159,1.132,0.75745,0.19565,0.45401,0.0,n/a,0,,,
k46o30,2026-03-06,training 120/180,392,0.041,0.955,0.87179,0.13706,0.50255,0.0,n/a,0,,,
k46o30,2026-03-07,training 120/180,568,0.052,0.976,0.68551,0.33333,0.5088,0.0,n/a,0,,,
k46o30,2026-03-09,training 120/180,316,-0.177,1.238,0.86842,0.09756,0.46835,0.0,n/a,0,,,
k46o30,2026-03-10,training 120/180,403,0.108,0.922,0.79144,0.24074,0.49628,0.0,n/a,0,,,
k46o30,2026-03-11,training 120/180,330,-0.172,1.123,0.72189,0.2236,0.47879,0.0,n/a,0,,,
k46o30,2026-03-12,training 120/180,428,0.059,0.938,0.86607,0.14706,0.52336,0.0,n/a,0,,,
k46o30,2026-03-13,training 120/180,387,-0.01,1.011,0.85405,0.14356,0.4832,0.0,n/a,0,,,
k46o30,2026-03-14,training 120/180,393,-0.091,1.141,0.92,0.06736,0.50127,0.0,n/a,0,,,
k46o30,2026-03-15,training 120/180,406,-0.017,1.018,0.84286,0.15306,0.50985,0.0,n/a,0,,,
k46o30,2026-03-16,training 120/180,345,-0.024,1.029,0.87574,0.11932,0.48986,0.0,n/a,0,,,
k46o30,2026-03-17,training 120/180,304,0.209,0.774,0.90789,0.13158,0.51974,0.0,n/a,0,,,
k46o30,2026-03-18,training 120/180,382,0.216,0.716,0.95082,0.07538,0.49476,0.0,n/a,0,,,
k46o30,2026-03-19,training 120/180,428,0.193,0.846,0.83168,0.22124,0.50935,0.0,n/a,0,,,
k46o30,2026-03-20,training 120/180,459,-0.072,1.043,0.70833,0.26749,0.47495,0.0,n/a,0,,,
k46o30,2026-03-21,training 120/180,405,0.217,0.894,0.73399,0.34158,0.53827,0.0,n/a,0,,,
k46o30,2026-03-22,training 120/180,401,-0.182,1.148,0.74766,0.19786,0.49127,0.0,n/a,0,,,
k46o30,2026-03-23,training 120/180,366,0.227,0.795,0.86885,0.18579,0.52732,0.0,n/a,0,,,
k46o30,2026-03-24,training 120/180,364,0.248,0.776,0.875,0.18333,0.53297,0.0,n/a,0,,,
k46o30,2026-03-25,training 120/180,350,1.142,0.267,0.95808,0.27869,0.60286,0.0,n/a,0,,,
k46o30,2026-03-26,training 120/180,346,0.42,0.714,0.84393,0.27746,0.56069,0.0,n/a,0,,,
k46o30,2026-03-27,training 120/180,331,0.698,0.47,0.92398,0.23125,0.58912,0.0,n/a,0,,,
k46o30,2026-03-28,training 120/180,318,0.995,0.478,0.89222,0.40397,0.66038,0.0,n/a,0,,,
k46o30,2026-03-29,training 120/180,274,0.571,0.468,0.94697,0.14789,0.53285,0.0,n/a,0,,,
k46o30,2026-03-30,training 120/180,482,1.031,0.798,0.76856,0.6166,0.6888,0.0,n/a,0,,,
k46o30,2026-03-31,training 120/180,417,0.594,0.782,0.76168,0.4532,0.61151,0.0,n/a,0,,,
k46o30,2026-04-01,training 120/180,475,0.932,0.395,0.92825,0.29762,0.59368,0.0,n/a,0,,,
k46o30,2026-04-02,training 120/180,392,1.044,0.697,0.80729,0.57,0.68622,0.0,n/a,0,,,
k46o30,2026-04-03,training 120/180,502,1.128,0.77,0.78676,0.63043,0.71514,0.0,n/a,0,,,
k46o30,2026-04-04,training 120/180,476,1.65,0.609,0.86992,0.7,0.78782,0.0,n/a,0,,,
k46o30,2026-04-05,training 120/180,375,1.102,0.735,0.79695,0.60674,0.70667,0.0,n/a,0,,,
k46o30,2026-04-06,training 120/180,460,1.411,0.683,0.83544,0.66816,0.75435,0.0,n/a,0,,,
k46o30,2026-04-06,training 120/180c,19,-0.54,0.464,0.0,0.875,0.36842,0.0,n/a,0,,,
k46o30,2026-04-07,training 120/180c,505,1.019,0.923,0.72199,0.66667,0.69307,0.0,n/a,0,,,
k46o30,2026-04-08,training 120/180c,479,1.268,0.51,0.87805,0.54077,0.71399,0.0,n/a,0,,,
k46o30,2026-04-09,training 120/180c,605,1.212,0.963,0.73793,0.71746,0.72727,0.0,n/a,0,,,
k46o30,2026-04-10,training 120/180c,535,1.172,0.769,0.79121,0.64122,0.71776,0.0,n/a,0,,,
k46o30,2026-04-11,training 120/180c,415,1.308,0.551,0.86631,0.57895,0.70843,0.0,n/a,0,,,
k46o30,2026-04-12,training 120/180c,432,1.341,0.494,0.88412,0.55779,0.7338,0.0,n/a,0,,,
k46o30,2026-04-13,training 120/180c,444,1.237,0.994,0.73362,0.73023,0.73198,0.0,n/a,0,,,
k46o30,2026-04-14,training 120/180c,472,1.33,0.933,0.76339,0.72984,0.74576,0.0,n/a,0,,,
k46o30,2026-04-15,training 120/180c,495,1.162,1.3,0.63889,0.79012,0.71313,0.0,n/a,0,,,
k46o30,2026-04-16,training 120/180c,577,1.296,1.079,0.72222,0.76,0.7435,0.0,n/a,0,,,
k46o30,2026-04-17,training 120/180c,442,1.669,0.909,0.81373,0.78151,0.79638,0.0,n/a,0,,,
k46o30,2026-04-18,training 120/180c,269,0.941,0.555,0.86364,0.43796,0.64684,0.0,n/a,0,,,
k46o30,2026-04-19,training 120/180c,455,0.847,0.692,0.80444,0.49565,0.64835,0.0,n/a,0,,,
k46o30,2026-04-20,training 120/180c,568,0.651,0.838,0.72492,0.52124,0.63204,0.0,n/a,0,,,
k46o30,2026-04-21,training 120/180c,535,1.077,0.938,0.72491,0.68421,0.70467,0.0,n/a,0,,,
k46o30,2026-04-22,training 120/180c,444,1.569,1.043,0.7757,0.7913,0.78378,0.0,n/a,0,,,
k46o30,2026-04-23,training 120/180c,466,1.278,0.538,0.86937,0.56148,0.70815,0.0,n/a,0,,,
k46o30,2026-04-24,training 120/180c,454,1.157,0.644,0.83117,0.57848,0.70705,0.0,n/a,0,,,
k46o30,2026-04-25,training 120/180c,244,0.667,0.622,0.85185,0.35294,0.57377,0.0,n/a,0,,,
k46o30,2026-04-26,training 120/180c,663,1.141,0.816,0.77313,0.65244,0.71342,0.0,n/a,0,,,
k46o30,2026-04-27,training 120/180c,453,2.016,0.992,0.84416,0.84234,0.84327,0.0,n/a,0,,,
k46o30,2026-04-28,training 120/180c,514,1.383,1.299,0.69231,0.81071,0.75681,0.0,n/a,0,,,
k46o30,2026-04-28,training 120/180c 0.8,1,6.361,n/a,0.0,0.0,0.0,0.0,n/a,0,,,
k46o30,2026-04-29,training 120/180c 0.8,480,1.132,0.524,0.87234,0.49796,0.68125,0.0,n/a,0,,,
k46o30,2026-04-30,training 120/180c 0.8,459,1.411,0.892,0.78423,0.73394,0.76035,0.0,n/a,0,,,
k46o30,2026-05-01,training 120/180c 0.8,473,1.381,0.446,0.89873,0.54237,0.72093,0.0,n/a,0,,,
k46o30,2026-05-02,training 120/180c 0.8,499,1.153,0.695,0.81377,0.60317,0.70741,0.0,n/a,0,,,
k46o30,2026-05-03,training 120/180c 0.8,585,1.0,0.797,0.76655,0.60738,0.68547,0.0,n/a,0,,,
k46o30,2026-05-04,training 120/180c 0.8,501,1.248,0.757,0.80156,0.65574,0.73054,0.0,n/a,0,,,
k46o30,2026-05-05,training 120/180c 0.8,428,1.293,1.027,0.73423,0.74757,0.74065,0.0,n/a,0,,,
k46o30,2026-05-06,training 120/180c 0.8,438,1.599,0.631,0.86147,0.69565,0.78311,0.0,n/a,0,,,
k46o30,2026-05-07,training 120/180c 0.8,383,1.231,0.855,0.77128,0.68718,0.72846,0.0,n/a,0,,,
k46o30,2026-05-08,training 120/180c 0.8,738,1.462,1.042,0.75893,0.77612,0.76829,0.0,n/a,0,,,
k46o30,2026-05-09,training 120/180c 0.8,600,1.425,1.056,0.75,0.77365,0.76167,0.0,n/a,0,,,
k46o30,2026-05-11,training 120/180c 0.8,464,1.641,0.667,0.85714,0.71667,0.78448,0.0,n/a,0,,,
k46o30,2026-05-11,testing 144c (120/180),353,1.802,1.089,0.80337,0.82857,0.81586,1.344,0.796,46,0.8,0.69231,0.73913
k46o30,2026-05-12,testing 144c (120/180),548,1.983,0.903,0.85159,0.82642,0.83942,1.228,0.989,78,0.73333,0.72727,0.73077
k46o30,2026-05-13,testing 144c (120/180),68,2.393,0.64,0.91667,0.84375,0.88235,0.674,n/a,4,1.0,0.5,0.75
